id,rodzaj,co_zostalo
NODE-01,PRODUKCJA,kreator na produkcji: krok Instalacja z bootstrapem v2 (pełne przejście — na pierwszym węźle)
X-04,KOD,testy integracyjne kolejnych ścieżek zapisu na prawdziwym PostgreSQL
P-12,WŁAŚCICIEL,"przejście VoiceOverem głównych ścieżek (logowanie, zakup, usługa) — kontrola ręczna, skan automatyczny czysty"
O-09,PRODUKCJA,marka resellera w panelu klienta testowego (mail sprawdzony 27.09)
B-19,KOD PO STARCIE,usunięty wyłączony kod 2026-09-25; kreator po starcie jako nowa funkcja
Q-06,KOD PO STARCIE,"VPS przez Hetzner Cloud API — potrzebne konto Hetzner Cloud, nie węzeł"
Q-07,KOD PO STARCIE,konsola VPS (Hetzner Cloud API)
Q-08,KOD PO STARCIE,snapshoty i rebuild VPS (Hetzner Cloud API)
G-08,KOD PO STARCIE,sprzedaż certyfikatów DV/OV/EV — plus umowa z dostawcą
J-05,KOD PO STARCIE,CDN (Cloudflare) — plus konto Cloudflare
PB-20,PRODUKCJA,"zaproszenie deweloperskiego konta testowego z wybraną usługą, przełączenie, odmowa poza zakresem — na produkcji"
L-10,PRODUKCJA,zdarzenie rozliczeń (invoice.issued) przy pierwszej fakturze — ping i podpis sprawdzone 26.09
N-10,PRODUKCJA,wpis SUPPRESSED przy pierwszym alercie limitu (przełącznik zapisany 26.09; alert wymaga telemetrii węzła)
O-06,PRODUKCJA,konto klienta założone przez resellera testowego na produkcji
PB-11,PRODUKCJA,alert testowy dociera e-mailem
L-11,WŁAŚCICIEL,klucze AI w .env.prod po publikacji dokumentów 1.1.0 (PB-03)
L-12,WŁAŚCICIEL,j.w. — prognoza idzie tym samym kluczem
P-15,WŁAŚCICIEL,"Hetzner: potwierdzić, że accounts.hetzner.com → Data protection pokazuje zawartą umowę powierzenia (data); reszta potwierdzona przez właściciela 27.09"
Q-01,WŁAŚCICIEL,decyzja: włączyć program EKO czy zostawić za flagą
A-14,WŁAŚCICIEL,decyzja: płatne ukrycie WHOIS (wybór: po starcie)
F-12,WŁAŚCICIEL,Anycast DNS — zakup u ClouDNS (wybór: po starcie)
N-21,WŁAŚCICIEL,wsparcie telefoniczne — decyzja operacyjna (wybór: po starcie)
P-14,WŁAŚCICIEL,ISO 27001 — decyzja organizacyjna (wybór: po starcie)
PB-04,WŁAŚCICIEL,skrzynka abuse@verris.pl i test zgłoszenia
PB-06,WŁAŚCICIEL,akceptacja treści /przenies-strone i publikacja
PB-07,WŁAŚCICIEL,akceptacja treści i włączenie /specyfikacja
PB-08,WŁAŚCICIEL,GA4 → Czas rzeczywisty: odsłona verris.pl widoczna (wysyłka potwierdzona 27.09); purchase przy pierwszej prawdziwej płatności
PB-09,WŁAŚCICIEL,"seed wykonany 27.09 (13 kategorii, 38 artykułów); artykuły o domenach prawdziwe po włączeniu OpenProvider"
PB-10,WŁAŚCICIEL,"kampania Google Ads — technicznie bez węzła, ale uruchamiamy przy starcie"
P-11,WŁAŚCICIEL,zatwierdzone 27.09 — rcpd.md 1.2 (sekcje D i E) + przypomnienie w adminie
PB-03,WŁAŚCICIEL,"decyzje podjęte 27.09 (1.1.0, ClouDNS po starcie) — publikacja skryptem w dniu startu"
PB-24,WŁAŚCICIEL,"zakres zdecydowany 27.09 (DNS + domeny + chmura); zostaje e-Doręczenia, telefon 24/7 i złożenie wniosku po przesłance"
SEC-01,OD 29.09,"egress control-plane: decyzje po 7-dniowym pomiarze (29.09) — to serwer panelu, nie węzeł"
SEC-02,OD 29.09,"egress control-plane: decyzje po 7-dniowym pomiarze (29.09) — to serwer panelu, nie węzeł"
SEC-03,OD 29.09,"egress control-plane: decyzje po 7-dniowym pomiarze (29.09) — to serwer panelu, nie węzeł"
SEC-04,OD 29.09,"egress control-plane: decyzje po 7-dniowym pomiarze (29.09) — to serwer panelu, nie węzeł"
SEC-06,OD 29.09,"egress control-plane: decyzje po 7-dniowym pomiarze (29.09) — to serwer panelu, nie węzeł"
X-41,OD 29.09,"egress control-plane: decyzje po 7-dniowym pomiarze (29.09) — to serwer panelu, nie węzeł"
PB-27,PRODUKCJA,"odnowienie z ceną indywidualną 22.10.2026 (mailtest-verris.pl, 6 zł) — reszta sprawdzona 26.09"
PB-28,PRODUKCJA,na produkcji: przedłużenie okresu bez obciążenia przy pierwszym odnowieniu usługi klienta poza Verris; pulpit bez portfela po wdrożeniu (26.09 — konto Smoke Test przełączone)
PB-29,OD 29.09,"test na węźle testowym (D3): bootstrap z manifestem, Governor 11.4, raport gotowości, zgodność floty"
PB-30,OD 29.09,"test na węźle testowym (D3): bootstrap z manifestem, Governor 11.4, raport gotowości, zgodność floty"
PB-31,OD 29.09,"przejście kreatora na węźle testowym (D3): bootstrap → zatwierdzenie → Onboard LIVE z panelu → zielony raport, bez SSH"
PB-32,OD 29.09,fala aktualizacji na dwóch węzłach (kanarek + drugi)
PB-33,OD 29.09,wyrównanie floty na węzłach testowych (PHP + krok MariaDB)
PB-35,PRODUKCJA,pierwszy wtorek po wdrożeniu: fala ruszyła sama o 4:00
