sprint,cel,pozycje_audytu,zadania_pb,ryzyko
1,Zatrzymać krwawienie i włączyć CI,X-01;X-02;X-03;Z-02;X-11;X-12;X-13;X-14;X-15;X-17,PB-01,"PB-01 może wywrócić cenę 45 zł. Dlatego jest w pierwszym sprincie, a nie w ostatnim — wynik zmienia treść cennika w sprincie 15. Sprint urósł o sześć pozycji odkrytych przy włączaniu CI — nie było ich w planie z 2026-08. | PRZEPLANOWANIE 2026-09-19: sprinty 1-3 sa WYKONANE. Ich zawartosc zostaje bez zmian jako zapis historii. Faktyczny przebieg: 2026-08-21 do 2026-08-28, trzy sprinty tresci w szesc dni roboczych, po czym 22 dni przerwy. Daty kalendarzowe w tym pliku licza sie od nowego punktu odniesienia (start=2026-08-31), zeby zgadzaly sie DO PRZODU; dla sprintow 1-3 sa o tydzien przesuniete wobec rzeczywistosci i nie nalezy ich czytac jako zapisu, kiedy ta praca powstala."
2,Zamknąć luki bezpieczeństwa z passu adwersaryjnego,Z-04;Z-03;Z-06;X-18;X-21;X-23;X-24;X-25;X-26;X-27;H-24;X-28;X-29;H-20;X-30;X-31;Z-18;X-32;X-33;X-34,,"Z-03 dotyka skryptów na węźle — zmiana wymaga przetestowania całej ścieżki migracji, nie tylko walidacji DTO. Sprint urósł o dziesięć pozycji odkrytych w trakcie: podatności, strażniki, bramki wdrożeniowe i awaria kopii bazy (H-23/H-24). Przeciążenie jest prawdziwe i celowo widoczne — praca została wykonana, plan jej nie przewidywał. X-28 doszło jako odpowiedź na pytanie, które zostawiło H-23: dlaczego alarm o braku kopii nie dotarł do nikogo. Odpowiedź — nie miał dokąd; w repo nie było Alertmanagera, a Grafana miała odbiorcę i zero reguł. X-29 wyszło godzinę po X-28 i z tego samego pytania: skoro reguły są w repo, to czy wdrożenie w ogóle je dowozi? Nie dowoziło — wdrożenie restartowało tylko aplikacje, a Prometheus i Grafana czytają konfigurację wyłącznie przy starcie. H-20 wykonane tu, a nie w sprincie 9: awaria kopii z H-23 wymusiła odtworzenie bazy tu i teraz, więc dowód D4 powstał jedenaście sprintów przed terminem. X-30 wyszło przy sprawdzaniu, czy X-29 faktycznie coś zmieniło: reguły były wczytane i żadna się nie liczyła. Trzeci raz tego dnia to samo pytanie — czy to, co wygląda na zrobione, jest zrobione — i trzeci raz odpowiedź brzmiała nie. X-31 domyka dzień: po naprawie X-30 alerty ucichną, a cisza wygląda tak samo jak awaria kanału — więc dokładamy regułę, która pali się zawsze i której brak jest sygnałem. Decyzja właściciela produktu: jeden mail na dobę. Z-18 zamyka dzień tym, od czego wszystko się zaczęło: pierwszy alarm zapalony z prawdziwego powodu pokazał wadę, która przy zerwaniu sieci oddaje klientowi pieniądze za usługę, którą za chwilę wykona. Poprawka jest tutaj, dowód D3 dopiero przy węźle #1. X-32 to ostatnie ogniwo dnia i najkrótsza historia: alarm kazał posprzątać kolejkę, a w produkcie nie było czym jej posprzątać. Zostawało grzebanie w Redisie bez śladu w audycie — czyli dokładnie to, przeciwko czemu powstał cały ten dzień. X-33 dopisało się samo, bo wdrożenie #70 padło na bramce z X-30 przy czternastu działających regułach. Metryka reguł pojawia się dopiero na pierwszym takcie schedulera alertów, a bramka czytała ją sekundę po tym, jak /api/health odpowiedziało — mierzyła szybkość startu i meldowała o poprawności prowizjonowania. Bramka, która potrafi zapalić się na zdrowym systemie, uczy klikać „re-run"" i przestaje chronić cokolwiek, więc ten sprint domyka się dopiero tutaj. X-34 dopisało się, bo bramka z X-33 miała własną usterkę: printf | grep -q przy pipefail zwraca błąd DOKŁADNIE WTEDY, GDY METRYKA JEST, o ile odpowiedź przekracza bufor potoku. Bramka nie kłamała o Grafanie — kłamała o własnym odczycie, a strażnik tego nie złapał, bo jego atrapa ważyła 200 bajtów zamiast setek kilobajtów i pracował pod innymi flagami powłoki niż produkcja."
3,Pojemność węzła i plan produkcyjny,Z-12;Z-13;Z-16,PB-14,"Sprintu nie było w planie z 2026-08. Dołożony po PB-01, które pokazało, że przy dzisiejszym placemencie na węźle mieści się 16 kont, a próg rentowności przy cenie 45 zł to 58. Dopóki Z-12 jest otwarte, sprzedaż zatrzymuje się na szesnastym koncie niezależnie od popytu — selektor odmówi provisioningu. Z-13 idzie razem, bo bez planu produkcyjnego w bazie nie ma czego umieszczać ani na czym testować nadsubskrypcji. PB-14 zamyka sprint, bo wybór dostawcy przesądza o rentowności bardziej niż cokolwiek innego w tym modelu, a decyzja musi zapaść przed zamówieniem serwera w sprincie 8. AKTUALIZACJA 2026-08-22: Z-12 i Z-13 zamknięte tego samego dnia, a przy nich wyszło Z-16 — autoskalowanie nie pyta węzła o pojemność i nie dowozi sufitu z oferty. Dołożone do tego samego sprintu, bo to trzecia strona tej samej sprawy: pojemność węzła musi być liczona w jednym miejscu, a nie w trzech niezależnych."
4,Wznowienie: odzyskac srodowisko i zatrzymac gnicie,DEV-01;DEP-01;ENV-01;P-15;X-50,,"Pierwszy sprint po 22 dniach przerwy. Kolejnosc nie jest dowolna: DEV-01 idzie pierwsze, bo po decyzji nr 1 z 2026-08-28 JEDYNA realna bramka przed main jest bramka uruchamiana lokalnie, a ona nie wstanie bez bazy deweloperskiej. DEP-01 rosnie samo — kolejka PR-ow Dependabota powiekszyla sie przez przerwe, a job Security scans wykrywa CVE, ktorych poprawki leza niescalone. P-15 W CALOSCI TUTAJ, nie rozbite na dwa sprinty. Korekta 2026-09-19: zalozenie, ze DPA zalezy od tempa dostawcow, bylo nieprawdziwe — trzy z pieciu obowiazuja z mocy umowy glownej, dwa akceptuje sie kliknieciem w panelu. Praca wlasna to wylacznie Zalacznik 1 do DPA Hetznera. Dzieki temu OSTATNI BLOKER POZA KSeF-em zamyka sie w sprincie 4, a nie w sprincie 10. DEP-02 przeniesione do sprintu 10, zeby zmiescic sie w pojemnosci. | DOLOZONE 2026-09-19: X-50. Bramka podatnosci nie jest checkiem wymaganym w rulesecie i nie jest wolana przez deploy.yml, wiec czerwona bramka nie zatrzymuje ani merge, ani wdrozenia. Wchodzi do sprintu 4, bo jest tania (6 h) i jest warunkiem tego, zeby SEC-07 i cokolwiek pozniejszego mialo gdzie sie zatrzymac. X-03 przeniesione do sprintu 5, zeby zmiescic sie w pojemnosci."
5,"Multer, kierunek fakturowania i bramka wdrozenia",SEC-07;X-03,PB-13;PB-14,"SEC-07 na poczatku sprintu: trzy podatnosci HIGH w multerze, CVSS 7.5, zdalny DoS bez uwierzytelnienia — jedno zadanie multipart konczy proces API. UWAGA, ZEBY NIE ZAMKNAC TEGO ZA WCZESNIE: merge PR #37 podnosi multer do 2.3.0 i bedzie WYGLADAL na naprawe, ale @nestjs/platform-express@11.2.1 pinuje 2.2.0 dokladnie, wiec kopia obslugujaca multipart zostanie podatna; do tego GHSA-535w wymaga jeszcze konfiguracji limits.fieldArrayIndexLimit, czyli zmiany w kodzie. Dowod zamkniecia to zielona bramka podatnosci po zmianie, nie numer wersji w package.json. X-03 przeniesione tu ze sprintu 4. PB-13 PRZESUNIETE TUTAJ z pierwotnego sprintu 14, decyzja wlasciciela 2026-09-19. Powod: obowiazek KSeF dziala od 2026-04-01, a od tej decyzji zalezy zakres sprintow 17-18 (34 h pozycji, w tym dwa blokery startu). Trzymanie jej na grudzien bylo jedynym sposobem, zeby KSeF stal sie blokerem w ostatnim tygodniu. PB-14 musi zapasc przed zamowieniem serwera w sprincie 6. X-31 i X-32 to ostatnie CZESCIOWE z passu adwersaryjnego — obie zostaly na poziomie D1/D2 i domykaja sie tanio."
6,Wezel produkcyjny #1,Z-18:2;NODE-02;J-01,PB-02,"NODE-02 idzie PRZED PB-02, nie po: main() w node-onboard-live.sh i node-live-readiness.sh nie sprawdza kodow powrotu, wiec instalacja kontynuuje po nieudanym preflighcie. Uruchamianie pierwszego produkcyjnego wezla instalatorem, ktory nie zatrzymuje sie na bledzie, to ta sama rodzina co SEC-01: kontrola wykrywa problem i nie zatrzymuje procesu. Z-18 dostaje tu dowod D3 (provisioning z przerwanym polaczeniem do DirectAdmina) i przestaje byc blokerem. J-01 ma stan b.d. — definicja ukonczenia dla b.d. to weryfikacja na produkcji z timestampem, a nie implementacja; wezel #1 jest pierwszym miejscem, gdzie da sie to zrobic."
7,"Egress: najpierw pomiar, ktory nie klamie",SEC-05;SEC-04;SEC-01,,"NOWY SPRINT, decyzja wlasciciela 2026-09-19 (blok egressu osobnym sprintem zaraz po wezle #1). Kolejnosc jest wymuszona logicznie, nie preferencja. SEC-05 pierwsze: log egressu ma ogranicznik czestotliwosci — 1796 wpisow w journalu wobec 1,81 mln pakietow na liczniku iptables. Kazda allowlista zbudowana na tym odczycie jest niepelna Z DEFINICJI, wiec dopoki log jest probka, reszta bloku opiera sie na zgadywaniu. SEC-04 drugie, bo bez wyjatku dla 172.16.0.0/12 wlaczenie strict zrywa polaczenie host-kontener i nie da sie go przetestowac. SEC-01 trzecie: dopiero wtedy DROP moze realnie obowiazywac. Strażnik na wzor X-34 — atrapa wielkosci produkcyjnej i te same flagi powloki co skrypt wdrozeniowy."
8,Egress: pelne pokrycie ruchu,X-41;SEC-03,,"X-41 zamyka to, co dzis jest tylko obserwacja: hardening wisi w lancuchu OUTPUT, a ruch kontenerow idzie przez FORWARD/DOCKER-USER, czyli egress CALEGO PRODUKTU byl poza zasiegiem zabezpieczenia, ktore wygladalo, jakby go obejmowalo. Obserwacja stoi (1674 pakiety, 0 DROP), zostaje egzekwowanie. SEC-03 dokłada ruch spoza TCP/80 i TCP/443 — DNS po UDP/53 i SMTP nie sa objete ani obserwacja, ani trybem strict, wiec bez tego ""strict"" opisuje dwa porty, nie host."
9,Allowlista z obserwacji i porzadek w wezle,SEC-06;SEC-02;NODE-03,,"SEC-06 dopiero tutaj, bo wymaga okresu obserwacji na PELNYM logu z SEC-05. Koszt tej pozycji to glownie czas obserwacji, nie kod — dlatego stoi po dwoch sprintach zbierania danych, a nie obok SEC-01. Test ipset na celach z rzeczywistego ruchu pokazal juz dwa trafienia poza allowlista (sogo-repo.alinto.org i nierozpoznany host Hetznera, 120 pakietow), wiec wlaczenie --strict przed tym sprintem odcieloby repozytorium pakietow SOGo. SEC-02: adresy Stripe rotuja, wiec wpis po nazwie starzeje sie miedzy uruchomieniami — potrzebne odswiezanie z opublikowanej listy plus check w live-readiness."
10,Obsluga naduzyc i porzadek w zaleznosciach,X-31;X-32;DEP-02;X-51,PB-04,"DEP-02 tutaj, a nie w sprincie 4: wyciszenie majorow ESLinta z DEP-03 ma termin przegladu 2026-11-15, a ten sprint zaczyna sie 2026-11-02 — czyli dokladnie wtedy, kiedy ta pozycja ma o sobie przypomniec. Zmiana rusza lockfile, wiec osobny commit z pelna bramka. P-15 WYPADLO Z TEGO SPRINTU do sprintu 4 (patrz korekta 2026-09-19 w docs/legal/dpa-subprocessors-tracking.md). PB-04: adres abuse@ jest punktem kontaktowym DSA i musi istniec przed publikacja dokumentow legal. | X-31 i X-32 przeniesione tu ze sprintu 5, ktory musial zrobic miejsce dla SEC-07. X-51 (rozjazd konfiguracji GitHuba z repozytorium: nieistniejace etykiety Dependabota, ruleset celujacy w wycofana galaz) idzie razem z DEP-02, bo to ta sama robota w tym samym miejscu."
11,"Ogony produktowe: faktury, FTP, PHP",M-08;C-18;B-01;J-04,,"SPRINT DOLOZONY 2026-09-19. Powod zapisany wprost, zeby nie czytalo sie tego jako poslizgu bez przyczyny: przeglad kolejki Dependabota odslonil 28 h pracy, ktorej nie bylo w planie — SEC-07 (16 h, trzy podatnosci HIGH w multerze), X-50 (6 h, bramka podatnosci nie blokuje ani merge, ani wdrozenia) i X-51 (6 h, konfiguracja GitHuba rozjechana z repozytorium). Tej pracy nie dalo sie wcisnac w istniejace sprinty bez robienia z pojemnosci fikcji, wiec plan urosl o tydzien, a nie o przeciazenie. | Zawartosc to pozycje wypchniete z sprintow 5, 10 i 11: M-08 (anulowanie faktury VOID), C-18 (zmiana hasla FTP), B-01 (wersja PHP dla calego konta), J-04 (HTTP/3, weryfikacja na wezle #1 z poziomu b.d.). Zadna nie blokuje niczego innego, dlatego to one ustapily miejsca, a nie prace bezpieczenstwa."
12,"DNS, SSO i dostarczalnosc poczty",F-01;F-02;E-15;E-16;E-17,,"Trasa hosting-sso-url nie istnieje w API — to nowy endpoint, nie podpięcie istniejącego. Nie mylić z SSO admina do węzłów, które działa. Import i eksport bazy świadomie zostaje w epiku E-01 po starcie — phpMyAdmin z działającym SSO załatwia ten scenariusz na start. Brak SPF/DKIM w panelu to najczęstsza przyczyna „moja poczta trafia do spamu”. Backend działa — to jest wyłącznie podpięcie osieroconego komponentu."
13,"Poczta: skrzynki i warstwa operatorska, czesc 1",E-05;M-26;A-25;A-26;N-07,,"Polaczone resztki pierwotnych sprintow 12 i 13. Bez tego pierwszy incydent obsługujesz curlem o drugiej w nocy. Wszystkie cztery pierwsze pozycje to endpointy, które już działają."
14,"Warstwa operatorska, czesc 2 i backup",N-14;H-22;H-09;H-17;G-20,,"H-17 bylo zalezne od H-20 (potwierdzone odtworzenie z kopii) — H-20 zamkniete 2026-08-23 dowodem D4, wiec zaleznosc jest spelniona i pozycja moze wejsc tutaj."
15,Dokumenty prawne i bus factor,I-11,PB-03;PB-11,"PB-03 PRZESUNIETE DO PRZODU wzgledem pierwotnego planu, bo N-16 (kredyty SLA, sprint 15) zalezy od opublikowanego regulaminu. W pierwotnej kolejnosci ta zaleznosc byla odwrocona. Cennik musi być zgodny z wynikiem PB-01. Jeśli unit economics wyszło źle, ten sprint jest momentem korekty ceny — nie później."
16,Rozliczenia od strony klienta i cennik,N-16;A-11;C-11,PB-07,"N-16 to włączenie flagi plus check w live-readiness — ale regulamin obiecuje kredyty, więc najpierw przeliczyć je na realnych danych z probe'ów. Cennik musi byc zgodny z wynikiem PB-01 (zamkniete 2026-08-22, cena 45 zl/mies brutto i 399 zl/rok)."
17,Landing migracyjny i pomiar,,PB-06;PB-08,"Landing nie może obiecywać funkcji ze statusem LUKA lub ATRAPA. Każde zdanie sprawdzić wobec macierzy — to jest dokładnie ten błąd, który audyt wykrył w oferta.md."
18,"KSeF, czesc 1: tryb offline i stan prawny",M-16;KSEF-02;KSEF-01,,"KOLIZJA KALENDARZOWA: sprinty 18 i 19 wypadaja na tygodnie 28.12 i 04.01. Planowanie 62 h pracy na swieta i Nowy Rok jest fikcja, a KSeF to najgorszy mozliwy kandydat na prace robiona miedzy jednym a drugim — smoke na srodowisku MF wymaga, zeby po drugiej stronie tez ktos byl. Zakladamy DWA TYGODNIE PRZERWY i przesuniecie decyzji GO z 2027-01-22 na okolice 2027-02-05. To jest zalozenie planu, nie oplata za opoznienie. Zakres tego sprintu ustala PB-13 ze sprintu 5. Jesli wybrana zostala integracja z programem ksiegowym, M-16 zamienia sie na wdrozenie eksportu i sprint bedzie krotszy. KSEF-02: KsefStatus.OFFLINE istnieje w schemacie i nie jest ustawiany nigdy — trzeci raz ten sam wzorzec w projekcie, po ServerStatus.OFFLINE (OPS-01) i regule alertowej z X-35. Wartosc w enumie wyglada jak zaimplementowana funkcja, a jest zapisana intencja. Smoke na api-test MF wykonac w PONIEDZIALEK, nie w czwartek: rozbieznosc schematu ujawnia sie dopiero na srodowisku MF."
19,"KSeF, czesc 2: walidacja, kody QR i wysylka",M-17;KSEF-03;M-15;M-11,,"KSEF-03 to warunek, bez ktorego tryb offline jest dla nas NIEDOSTEPNY WCALE: faktura przekazana nabywcy poza KSeF musi niesc KOD I (OFFLINE) i KOD II (CERTYFIKAT). KOD I jest w zasiegu, bo builder XML mamy. KOD II wymaga certyfikatu KSeF typu 2 z portalu MF — to sprawa formalna, nie kod, wiec WNIOSEK O CERTYFIKAT SKLADAMY W SPRINCIE 17, nie tutaj. M-11 to domyslna wartosc flagi plus check w live-readiness, zeby flaga nie wylaczyla wysylki po cichu."
20,"Baza wiedzy, KSeF od strony klienta, kampania",M-14,PB-09;PB-10,Kampania powstaje wstrzymana. Uruchomienie dopiero po PB-05 w sprincie 19.
21,Sciezka pierwszego klienta na produkcji i decyzja GO,,PB-05;PB-12,"Jedyny moment w całym planie, w którym powstaje dowód poziomu D3. Każdy nieudany krok wraca do backlogu jako bloker i przesuwa start. Zaplanowane 24 h zostawiają zapas na to, co wyjdzie."
