id,stan,data,uwagi
A-25,sprawdzone,2026-09-29,zawieszenie/odwieszenie d3.hvln.pl z panelu admina
A-26,sprawdzone,2026-09-29,zawieszenie/odwieszenie d3.hvln.pl z panelu admina
B-05,sprawdzone,2026-09-29,memory_limit 512M z panelu (strona → PHP) → odczyt PHP_INFO przez serwer WWW: 512M (LiteSpeed czyta php_value z bloku VERRIS PHP w .htaccess — 98e6f24; .user.ini LSAPI ignoruje).
B-06,sprawdzone,2026-09-28,podgląd PHP z IP konta
B-17,czeka,,
B-18,sprawdzone,2026-09-29,lista plików „Ukryta” → /wp-includes/ zwraca 403
C-11,sprawdzone,2026-09-29,29.09 po wdrożeniu: potwierdzone na t1 z panelu
C-14,sprawdzone,2026-09-29,"szukanie nazwa „config” + tekst „DB_NAME” → 3 pliki (wp-config.php, wp-config-sample.php, "
C-15,sprawdzone,2026-09-29,"„Co zajmuje miejsce” → razem 271,5 MB / 5821 plików, podział na domains, backups, poczta, "
C-18,czeka,,29.09: lista FTP DA 1.710 = login@domena=ścieżka — poprawka bcce42d; potem zmiana hasła na koncie dodatkowym
C-21,sprawdzone,2026-09-29,"SSH kluczem z panelu, klatka CageFS potwierdzona"
C-22,sprawdzone,2026-09-29,"SSH kluczem z panelu, klatka CageFS potwierdzona"
C-25,sprawdzone,2026-09-29,"„Sklonuj” https://github.com/WordPress/hello-dolly.git do public_html/git-test → gotowe, H"
C-27,czeka,,
D-08,sprawdzone,2026-09-29,"Po 66a685a i przeinstalowaniu agenta: „Tylko odczyt” → SHOW GRANTS dla ovsekucx_test@localhost: SELECT, SHOW VIEW na ovsekucx_wp8664 (wcześniej ALL PRIVILEGES)."
D-12,sprawdzone,2026-09-29,29.09 po wdrożeniu: potwierdzone na t1 z panelu
D-15,sprawdzone,2026-09-29,29.09 po wdrożeniu: potwierdzone na t1 z panelu
D-18,sprawdzone,2026-09-29,29.09 po wdrożeniu: potwierdzone na t1 z panelu
E-05,sprawdzone,2026-09-29,29.09 po wdrożeniu: potwierdzone na t1 z panelu
E-06,sprawdzone,2026-09-29,"przy skrzynce „0,2 MB z 1024 MB” po „Przelicz zajętość” (zgodne z du imap)"
E-15,sprawdzone,2026-09-29,SPF poprawny na d3.hvln.pl
E-17,sprawdzone,2026-09-29,DMARC dodany z panelu
E-19,sprawdzone,2026-09-29,29.09 po wdrożeniu: potwierdzone na t1 z panelu
F-01,sprawdzone,2026-09-29,lista/dodanie/edycja/usunięcie + DMARC na d3.hvln.pl
F-02,sprawdzone,2026-09-29,CAA dodany wcześniej; SRV _sip._tcp „10 5 5060 mail.d3.hvln.pl.” dodany i usunięty z panel
F-11,sprawdzone,2026-09-29,"TTL CAA 3600→1800→3600 z panelu, strefa potwierdza"
G-07,sprawdzone,2026-09-29,HSTS włączony w „PHP i serwer” → nagłówek strict-transport-security: max-age=31536000 na /
G-11,czeka,,
H-09,sprawdzone,2026-09-29,"„Przywróć” z backup-Sep-29-2026-3 (pliki + bazy, kopia bezpieczeństwa zaznaczona) → najpie"
H-10,sprawdzone,2026-09-29,odtworzenie index.php z kopii do verris-odtworzone
H-11,sprawdzone,2026-09-29,przeglądanie archiwum do public_html WordPressa
I-04,czeka,,
I-05,sprawdzone,2026-09-29,29.09 po wdrożeniu: potwierdzone na t1 z panelu
I-08,sprawdzone,2026-09-29,29.09 po wdrożeniu: potwierdzone na t1 z panelu
I-11,czeka,2026-09-29,staging: katalog subdomeny DA 1.710 — poprawka d93c86e
I-13,czeka,,
I-15,sprawdzone,2026-09-29,29.09 po wdrożeniu: potwierdzone na t1 z panelu
J-02,sprawdzone,2026-09-29,29.09 po wdrożeniu: potwierdzone na t1 z panelu
J-03,sprawdzone,2026-09-29,29.09 po wdrożeniu: potwierdzone na t1 z panelu
K-03,sprawdzone,2026-09-29,liczba plików (i-węzłów) per katalog i razem w „Co zajmuje miejsce” (5821)
L-03,sprawdzone,2026-09-28,CMD_API_CRON_JOBS create/delete
L-05,sprawdzone,2026-09-29,alt-php 7.4 i 8.1 w cronie na d3.hvln.pl
L-06,czeka,,29.09: log wyniku powstaje; treść do sprawdzenia skryptem z echo
N-10,czeka,,
NODE-03,czeka,,
C-26,sprawdzone,2026-09-29,"„Pobierz zmiany teraz” dla git-test → pobranie zmian gotowe, HEAD w wyniku"
C-28,czeka,,
I-16,czeka,,
L-08,czeka,,
K-04,sprawdzone,2026-09-29,29.09 po wdrożeniu: potwierdzone na t1 z panelu
K-05,sprawdzone,2026-09-29,29.09 po wdrożeniu: potwierdzone na t1 z panelu
D-17,sprawdzone,2026-09-29,29.09 po wdrożeniu: potwierdzone na t1 z panelu
D-13,sprawdzone,2026-09-29,"eksport bazy w verris-bazy + pobranie przez /api/services/:id/files/download: 34 696 B, na"
L-04,czeka,,
I-14,czeka,,
E-21,czeka,,
E-16,czeka,,
H-13,sprawdzone,2026-09-29,"pobranie archiwum backup-Sep-29-2026-2.tar.zst przez panel: 43 728 787 B strumieniem, nagł"
A-06,sprawdzone,2026-09-29,"„Katalog główny strony” → git-test: po ~1 min / serwuje git-test (v.php 8.1.34, readme Hel"
B-04,sprawdzone,2026-09-29,"włączenie opcache i redis dla PHP 8.2 z panelu → ponowny odczyt: 59 rozszerzeń, opcache.en"
H-14,czeka,,admin-backup per konto + rclone sync drzewa; raport ok/rc=3
G-09,sprawdzone,2026-09-29,29.09 po wdrożeniu: potwierdzone na t1 z panelu
Q-14,czeka,,IP w IP Manager; default_ttl; ./build clean/php/litespeed; letsencrypt.sh server_cert; lvectl --maxEntryProcs (lvectl --help); mysqlgovernor.py 10.6→10.11
Z-18,czeka,,"provisioning na węźle: zerwane połączenie z DA w trakcie → PONOWIENIE w audycie, konto założone przy drugiej próbie"
F-06,sprawdzone,2026-09-29,"„Włącz DNSSEC” → strefa podpisana, rekord DS (13 2 …) do rejestratora, „Kopiuj rekordy DS”"
E-12,czeka,2026-09-29,29.09 profil (98e6f24): Dovecot Pigeonhole (Sieve) aktywny — da build set pigeonhole yes + dovecot. Zostaje: filtr w Roundcube (managesieve) — wymaga logowania do skrzynki.
H-04,czeka,,"D3: node-offsite-backup.sh z RETENTION_DAYS=30 działa dobowo; w panelu „Szukam kopii z konkretnego dnia” dla dnia sprzed 20–29 dni → lista archiwów → pobranie → przywrócenie przez kopie konta.; 29.09: konto nowsze niż ostatni przebieg off-site — panel mówił „chronione”; poprawka 8f7b043 (pierwsza kopia przy następnym przebiegu); sprawdzić po nocnym przebiegu; 29.09: przebieg 03:54 objął konto d3, archiwum w panelu (30 dni — do sprawdzenia po czasie)"
B-08,czeka,,"D3: po profilu węzła `cloudlinux-selector get --json --interpreter nodejs` i `python` pokazują selector_enabled=true i włączone wersje; w panelu utwórz aplikację Express (app.js) i Flask (passenger_wsgi.py, obiekt application) pod domeną/ścieżką → strona odpowiada przez LiteSpeed; Zależności (package.json / requirements.txt), Zatrzymaj/Uruchom, Edytuj zmienne, Usuń; sprawdzić, że katalog w public_html jest odrzucany."
B-09,czeka,,"D3: po profilu węzła `cloudlinux-selector get --json --interpreter nodejs` i `python` pokazują selector_enabled=true i włączone wersje; w panelu utwórz aplikację Express (app.js) i Flask (passenger_wsgi.py, obiekt application) pod domeną/ścieżką → strona odpowiada przez LiteSpeed; Zależności (package.json / requirements.txt), Zatrzymaj/Uruchom, Edytuj zmienne, Usuń; sprawdzić, że katalog w public_html jest odrzucany."
I-01,czeka,2026-09-30,"29.09: druga domena test2.d3.hvln.pl (DNS, SSL z panelu) — Joomla przerwana „katalog nie jest pusty” (puste cgi-bin i katalog domeny z DA 1.710), klient widział tylko ogólny błąd → 1245178. Retest po wdrożeniu; WordPress na drugiej domenie → 3129fea. | 29.09 wieczór (nowy agent): Joomla na test2 dalej przerwana — cgi-bin od DA 1.710 zawiera .htaccess „Options -Indexes”; klient dostał już czytelny komunikat. Poprawka d338ca3, retest po wdrożeniu (ponowienie zadania z panelu admina). | 30.09 po d338ca3: katalog przepuszczony, Joomla 6.1.4 rozpakowana, instalator CLI odrzucił PHP 8.2 (wymaga 8.3), pliki zostały → e18b42c (przywracanie katalogu przy błędzie, wymóg PHP sprawdzany przed instalatorem, komunikat dla klienta)."
I-07,czeka,,D3: z WORDFENCE_API_KEY na produkcji — w logach API „Wordfence feed: N wpisów” po 05:40 UTC (albo ręczne wywołanie); strona WordPress ze starą wersją znanej podatnej wtyczki (np. zainstalowana starsza wersja) pokazuje ją w „Znane podatności” z poprawką i linkiem.
H-16,czeka,,"D3 (wymaga dwóch węzłów): konto testowe z węzła A → admin „Odtworzenie na innym węźle” na węzeł B → lista kopii z nodes/<A> → odtworzenie; w DA węzła B konto z IP węzła B, strona i poczta działają; w panelu konto wskazuje węzeł B (audyt ACCOUNT_MOVED_TO_NODE); próba na węźle, gdzie konto już jest → odmowa."
K-14,sprawdzone,2026-09-29,29.09 po wdrożeniu: potwierdzone na t1 z panelu
D-16,czeka,,"D3: po profilu węzła memcached zainstalowany, ss -ltnp bez 11211; w panelu PHP i serwer → Memcached włącz → gniazdo w ~/.verris-memcached, „version” przez gniazdo odpowiada jako klient, inny użytkownik → Permission denied; wyłącz → proces znika."
PB-19,czeka,,"D3: na stronie z ruchem widok strony pokazuje odwiedzających/żądania/5xx z 7 dni zgodnie z /var/log/httpd/domains/<domena>.log, TTFB w ms, technologię z wersją; zakładka Logi pokazuje log tej domeny; domena bez logu → „—”."
G-21,czeka,,"D3: w WebAdmin LiteSpeed węzła ustawione Per-Client Throttling wg ops/docs/DDOS.md; test: ab/hey na stronę testową z jednego IP → po przekroczeniu limitu odrzucenia/ban, inne IP bez wpływu."
D-14,czeka,,"D3: po profilu węzła `systemctl status postgresql` aktywny, `ss -ltnp` — 5432 tylko na 127.0.0.1/::1; w panelu utwórz bazę → połączenie z PHP (pdo_pgsql włączone w PHP Selectorze) na 127.0.0.1 działa; drugi login nie łączy się do cudzej bazy; nowe hasło działa, stare nie; po `verris-pgsql-dump` plik w ~/.verris-pgsql/ i w kopii DA; usunięcie konta w DA usuwa bazy; sprawdzić nazwę opcji CustomBuild dla pdo_pgsql (1.707)."
B-03,sprawdzone,2026-09-29,"„PHP w podkatalogu” git-test → PHP 8.1: /git-test/v.php zwraca 8.1.34, reszta strony dalej"
E-23,czeka,2026-09-30,"29.09 profil: WARN — gniazdo /var/run/dovecot/auth-client bez dostępu dla grupy radicale, logowanie CalDAV nie zadziała. Do poprawki: osobny listener auth Dovecota dla Radicale (nie poluzowanie auth-client). | 30.09 po 8b17203: profil OK=56 WARN=0 — osobne gniazdo auth-verris-radicale (grupa radicale), Radicale 3.8.1 na 5232. Zostaje: logowanie klienta CalDAV/CardDAV adresem i hasłem skrzynki."
J-06,sprawdzone,2026-09-29,"„Optymalizuj obrazy” (cała strona) → 43 pliki, 2,9 MB → 2,9 MB (obrazy rdzenia WP już zopt"
PB-29,czeka,,węzeł testowy
PB-30,czeka,,węzeł testowy
PB-31,czeka,,węzeł testowy
PB-32,czeka,,dwa węzły
PB-33,czeka,,węzły testowe
PB-36,czeka,,weryfikacja podpisu na węźle
A-08,czeka,,"OpenProvider skonfigurowany, wyszukiwarka poprawiona 27.09 (b0a556f); decyzja właściciela 27.09: prawdziwa rejestracja domeny razem z pełnym testem konta klienta na węźle (PB-05)"
A-09,czeka,,"OpenProvider skonfigurowany, wyszukiwarka poprawiona 27.09 (b0a556f); decyzja właściciela 27.09: prawdziwa rejestracja domeny razem z pełnym testem konta klienta na węźle (PB-05)"
A-10,czeka,,"OpenProvider skonfigurowany, wyszukiwarka poprawiona 27.09 (b0a556f); decyzja właściciela 27.09: prawdziwa rejestracja domeny razem z pełnym testem konta klienta na węźle (PB-05)"
A-11,czeka,,"OpenProvider skonfigurowany, wyszukiwarka poprawiona 27.09 (b0a556f); decyzja właściciela 27.09: prawdziwa rejestracja domeny razem z pełnym testem konta klienta na węźle (PB-05)"
A-12,czeka,,"OpenProvider skonfigurowany, wyszukiwarka poprawiona 27.09 (b0a556f); decyzja właściciela 27.09: prawdziwa rejestracja domeny razem z pełnym testem konta klienta na węźle (PB-05)"
A-13,czeka,,"OpenProvider skonfigurowany, wyszukiwarka poprawiona 27.09 (b0a556f); decyzja właściciela 27.09: prawdziwa rejestracja domeny razem z pełnym testem konta klienta na węźle (PB-05)"
A-15,czeka,,"OpenProvider skonfigurowany, wyszukiwarka poprawiona 27.09 (b0a556f); decyzja właściciela 27.09: prawdziwa rejestracja domeny razem z pełnym testem konta klienta na węźle (PB-05)"
O-05,czeka,,wstrzymaj/wznów usługi klienta resellera (reszta sprawdzona na produkcji 27.09)
J-01,sprawdzone,2026-09-29,"LiteSpeed Enterprise (Server: LiteSpeed), CacheRoot z profilu [OK], strona główna WordPres"
J-04,sprawdzone,2026-09-29,"alt-svc h3 w odpowiedzi, UDP 443 nasłuchuje (LiteSpeed), firewalld otwarty (68c7e95). Chrome przy pierwszym wejściu łączy się po h2 i przechodzi na h3 po nagłówku alt-svc."
L-10,sprawdzone,2026-09-29,webhook na https://d3.hvln.pl/verris-webhook-test.php (odbiornik testowy): „Wyślij test” →
