id,tytul,godziny,priorytet,opis,definicja_ukonczenia,zamkniete
PB-01,Unit economics węzła vs cena 45 zł/mies. brutto (399 zł/rok),8,BLOKER BIZNESOWY,"Policzyć pełny koszt węzła: serwer + CloudLinux + LiteSpeed + DirectAdmin + Imunify + backup S3 + amortyzacja wsparcia. Wyliczyć próg rentowności w kontach na węzeł i marżę przy 45 zł brutto (36,59 zł netto).","Arkusz z kosztem miesięcznym węzła, liczbą kont na węzeł, marżą jednostkową i progiem rentowności. Decyzja: cena zostaje albo się zmienia — zapisana w repo.",2026-08-22
PB-02,Onboarding produkcyjnego węzła #1 (Hetzner AX102),16,WYSOKI,"Pełny przebieg node-onboard-live.sh na docelowym serwerze, z konfiguracją backupu off-site jako krokiem obowiązkowym.","Węzeł przechodzi wszystkie 14 checków live-readiness. /etc/verris-backup.conf istnieje, pierwszy backup off-site wykonany i zaraportowany do control-plane.",
PB-03,Finalizacja dokumentów prawnych 1.0.0,16,BLOKER BIZNESOWY,"Regulamin, polityka prywatności, SLA, DPA, polityka cookies — wyjście z DRAFT-u, wersjonowanie i publikacja w panelu. | 2026-09-23: decyzje właściciela — publikacja bez zewnętrznego przeglądu, raz, tuż przed pierwszym klientem; kontakt @verris.pl + telefon; Firmino (Streamsoft) dopisany do polityki i listy; AI wyłączone na start; §9 ust. 4 regulaminu (faktury z programu księgowego) — regulamin 1.2.0, polityka 1.0.2. Zostaje: §10 ust. 5 (kopie kont) po D3 węzła, ClouDNS po zakupie, akceptacje DPA (Hetzner, Openprovider, Cloudflare, Firmino), skrzynki kontakt@/rodo@/abuse@/security@. | 2026-09-26: pakiet publikacji — rozjazdy wersji (nagłówki 1.2.0/1.0.3/1.0.0, stopki z lipca, skrypt publikuje jako 1.2.0) → propozycja: wszystko 1.0.0 z datą publikacji; tekst §10 ust. 5 z miejscami na wartości z D3; wiersz ClouDNS (Cloud DNS Ltd., Sofia — DPA do potwierdzenia u dostawcy); lista kroków — docs/legal/drafts/DO_ZATWIERDZENIA_PB-03_publikacja-1.0.0.md (DO ZATWIERDZENIA, nic nie opublikowane/złożone).",Wszystkie dokumenty w statusie opublikowanym z numerem wersji i datą. Panel /legal nie pokazuje ani jednego „Dokument w przygotowaniu”.,
PB-04,Procedura obsługi nadużyć (abuse) — dokument,8,WYSOKI,"Adres abuse@ obsługiwany, ścieżka od zgłoszenia do reakcji, czasy reakcji, kto decyduje o zawieszeniu, wzory odpowiedzi do CERT i rejestratorów. | 2026-09-23: dokument ops/docs/ABUSE.md — właściciel, źródła zgłoszeń, kategorie P0/P1/P2 z czasami (potwierdzenie 4 h/24 h/24 h, działanie 24 h/48 h/5 dni rob.), ścieżka krok po kroku z narzędziami panelu (A-25/A-26, N-14), kto decyduje, szablony A–D (w tym DSA art. 17 i odpowiedź dla Hetznera/CERT), test kwartalny. Zostaje: skrzynka abuse@verris.pl i test zgłoszenia (definicja ukończenia); formularz w stopce z landingiem (PB-06).",Dokument w ops/docs z właścicielem i czasami reakcji. Test: zgłoszenie wysłane na abuse@ trafia do kogoś i ma odpowiedź w deklarowanym czasie.,
PB-05,Test end-to-end „pierwszy klient”,16,BLOKER BIZNESOWY,"Przejście całej ścieżki na produkcji jako realny klient: rejestracja, zakup, płatność, provisioning, migracja strony, wystawienie faktury, KSeF, backup, odtworzenie.","Zapisany przebieg z timestampami dla każdego kroku — to jest dowód poziomu D3, jedyny w całym projekcie. Każdy nieudany krok wraca do backlogu jako bloker.",
PB-06,Landing /przenies-strone,16,WYSOKI,"Strona docelowa kampanii Google Ads na osi migracji. Treść oparta na realnych przewagach z audytu, nie na obietnicach. | 2026-09-25 PRZYGOTOWANE DO AKCEPTACJI: audyt 38 twierdzeń (/, /hosting, /cennik, /przenies-strone) wobec macierzy — 13 poprawionych (tryb ECO to polityka kopii, nie skalowanie; Apple/Google Pay niewłączone; przypomnienia 7/3/1 dzień; rezygnacja z odnowienia w dwóch kliknięciach; zwrot przez wsparcie; domena nie odnowi się bez decyzji). Rabat na start zostaje (decyzja właściciela) — przekaz: odnowienie zawsze po cenie z cennika. Lista w docs/marketing/akceptacja-tresci-2026-09.md. Pomiar: generate_lead po wysłaniu formularza migracji (GTM, Consent Mode v2). Publikacja po akceptacji.","Strona opublikowana, pomiar działa, formularz i CTA prowadzą do rejestracji. Żadne twierdzenie na stronie nie jest oznaczone w macierzy jako LUKA lub ATRAPA.",
PB-07,Treści i cennik na verris.pl,16,WYSOKI,"Strona główna, cennik, specyfikacja techniczna pakietu, strona SLA. Narracja: cena stała, bez skoku po roku. | 2026-09-25 PRZYGOTOWANE DO AKCEPTACJI: /specyfikacja (tylko wiersze DZIAŁA; wiersze po D3 za SPEC_PO_WERYFIKACJI), ukryta flagą SPECYFIKACJA_OPUBLIKOWANA (404, poza menu i sitemapą). SLA: /funkcje/sla istnieje. Przy okazji: skrypt prod-sync-server-da-packages.sh dałby planowi verris-hosting limity starter — poprawione + test parytetu z da-package-spec.ts.","Cennik zgodny z wynikiem PB-01. Specyfikacja techniczna publiczna, jak u cyber_Folks — to jest element zaufania, którego rynek oczekuje.",
PB-08,Pomiar: Consent Mode v2 + GTM + dedup event_id,16,ŚREDNI,"Wdrożenie ustaleń z audytu pomiaru: www linkuje, panel działa, deduplikacja po event_id, cookie Domain=.verris.pl. | PRZEGLĄD GTM 2026-09-23 (tylko odczyt): (1) DWA tagi Google z tym samym G-HHN0S0R777 na „Initialization - All Pages” („GA4” i „GA4 – Config”) — podwójna konfiguracja, ryzyko podwójnych page_view; prawdopodobnie to jest „Pilne” w jakości kontenera. Do zrobienia przez właściciela: wstrzymać „GA4” (starszy, bez wymogu zgody analytics_storage), zostawić „GA4 – Config”, opublikować. (2) GA4 – purchase: transaction_id/value/currency z ecommerce.* — poprawnie; dedup Meta po event_id purchase-<id>. (3) Consent: default → update przed gtm.js, user_data tylko hash SHA-256. (4) Zakup D3 wymaga prawdziwej płatności — do sprawdzenia przy pierwszym realnym zakupie. (5) W przeglądarce właściciela endpointy Google (collect) odpowiadają 503 — sprawdzić blokadę po stronie sieci/rozszerzenia; potwierdzić w GA4 → Czas rzeczywisty.","Zdarzenie zakupu dociera raz, nie dwa. Consent Mode nie blokuje pomiaru po zgodzie. Zweryfikowane w GTM Preview i w raporcie.",
PB-09,Baza wiedzy — 20 artykułów startowych,16,ŚREDNI,"Artykuły pokrywające najczęstsze pytania pierwszego tygodnia: skierowanie domeny, SSL, poczta, FTP, backup, migracja, faktury. | 2026-09-23: seed ma 37 artykułów (apps/api/src/cli/seed-kb-cms.ts, indeksowane do asystenta). Przegląd twierdzeń wobec macierzy: usunięte obietnice funkcji, których nie ma lub nie są gotowe — SFTP/SSH (C-21 CZĘŚCIOWE; teraz FTPS), VPS i osobna poczta (Q-06 FLAGA), włączanie rozszerzeń PHP i CloudLinux Selector (B-04 BRAK), phpinfo w panelu (B-06), białe/czarne listy antyspamu (E-12), kopia przy forwarderze, „wildcard płatny”; faktury opisane zgodnie z §9 ust. 4 (dokument rozliczeniowy + faktura z programu księgowego). ZOSTAJE: rejestracja-domeny i transfer-domeny opisują A-08/A-09 (FLAGA) — prawdziwe dopiero po włączeniu rejestratora (A-11, sprint 18); uruchomić seed na produkcji (node apps/api/dist-cli/cli/seed-kb-cms.js) — nadpisuje tylko artykuły autorstwa „Zespół Verris”.","20 artykułów opublikowanych i zaindeksowanych do asystenta AI. Każdy opisuje funkcję, która w macierzy ma status DZIAŁA.",
PB-10,Kampania gads-search-hosting-202607 — uruchomienie,8,ŚREDNI,"Konfiguracja kampanii wyszukiwarkowej, budżet 500–1000 zł/mies., oś przekazu: migracja bez przestoju.","Kampania utworzona wstrzymana, konwersje podpięte, budżet i stawki ustawione. Start dopiero po PB-05.",
PB-11,Bus factor: drugi kanał alertów i procedura zastępstwa,8,WYSOKI,"Alerty na więcej niż jeden adres, przetestowane. Dokument: co robi ktoś inny, gdy Ciebie nie ma przez tydzień. | 2026-09-23: Telegram jako drugi kanał w tym samym punkcie kontaktowym Grafany co e-mail (błąd jednego nie blokuje drugiego; znak życia X-31 raz dziennie też na Telegram); compose przekazuje TELEGRAM_BOT_TOKEN/CHAT_ID; strażnik routing-alertow.spec.ts (PB-11). Zastępcy nie ma (decyzja właściciela) — procedura awarii z telefonu w docs/ops/INCIDENT_RESPONSE.md; szukanie zastępcy po starcie. Zostaje: bot Telegrama + token w .env.prod i test alertu (D3). | DECYZJA WŁAŚCICIELA 2026-09-23: Telegram usunięty — alerty wyłącznie e-mailem. Konsekwencja: jeden kanał, więc awaria poczty (SMTP, skrzynka) wycisza też alerty; znak życia X-31 raz dziennie jest jedynym sposobem, by to zauważyć (brak maila = coś nie działa). Powrót do drugiego kanału: odtworzyć z commita 7d63cd7.","Alert testowy dociera dwoma kanałami. Dokument zastępstwa zawiera dostęp awaryjny i listę rzeczy, które muszą się dziać codziennie.",
PB-13,Decyzja: własny KSeF czy integracja z programem księgowym,6,BLOKER BIZNESOWY,"Porównać dwie ścieżki: dokończenie własnego modułu KSeF (tryb offline, walidacja XSD, UPO) kontra przekazanie fakturowania do programu księgowego z gotową integracją KSeF. Kryteria: koszt, czas, ryzyko zgodności, kto odpowiada za błąd wysyłki, co się dzieje przy awarii MF.","Decyzja zapisana w repo z uzasadnieniem i datą. Jeśli wybrana integracja — sprint 18 zmienia zakres z dokończenia modułu na wdrożenie eksportu do programu księgowego. Decyzja musi zapaść przed sprintem 18, inaczej blokuje start.",2026-09-22
PB-12,Runbook startu i decyzja GO,8,BLOKER BIZNESOWY,"Domknięcie: przegląd wszystkich blokerów z dowodem zamknięcia, decyzja GO/NO-GO zapisana z datą.","Każdy z 11 blokerów ma wpis: co zrobiono, gdzie jest dowód, kto potwierdził. Bez formuły „warunkowe GO”.",
PB-14,Wybór dostawcy i lokalizacji węzła produkcyjnego #1,6,WYSOKI,"PB-01 pokazało, że wybór dostawcy przesądza o rentowności przy cenie 45 zł. Hetzner AX102 ma cenę progową 44,20 zł, OVH Advance-2 w WAW1 — 67,76 zł, bo 960 GB dysku ogranicza węzeł do 30 kont. Sprawdzić realną cenę opcji dysku 1,92 TB w WAW1 (wzrosła o ok. 89% w lipcu 2026) i zestawić premię za lokalizację w Polsce z jej wartością sprzedażową i wpływem na RODO oraz DPA.","Decyzja zapisana w repo z datą, przed zamówieniem serwera. Jeśli wybrany dostawca spoza Polski — polityka prywatności i DPA opisują lokalizację przetwarzania przed startem sprzedaży.",2026-09-22
PB-15,Fundament nowego designu panelu,30,WYSOKI,"Własny system wizualny zamiast domyślnego Tailwinda: tokeny (kolor marki, neutralne, stany), typografia z charakterem (nie Inter), skala odstępów i promieni, ~10 komponentów bazowych (przycisk, pole, tabela o zmiennej gęstości, karta metryki z wykresem, pasek stanu, dymek asystenta, pusty stan, pasek akcji, nawigacja, modal z podglądem skutku). Jeden ekran-wzorzec: strona usługi w panelu klienta. Kierunek i inspiracje: docs/VERRIS.md.",Ekran-wzorzec zaakceptowany przez właściciela; tokeny i komponenty w @verris/ui lub components/panel; ciemny i jasny motyw; kontrast WCAG AA; brak regresji w testach.,2026-09-22
PB-16,Ekrany panelu klienta w nowym designie + tryb Prosty/Pełny + wyszukiwarka „/”,40,WYSOKI,"Przeniesienie wszystkich ekranów panelu klienta na komponenty z PB-15. Tryb Prosty (laik) / Pełny (pro) jako gęstość informacji tego samego panelu. Globalne wyszukiwanie pod „/” (usługi, domeny, ustawienia, baza wiedzy). Puste stany jako instrukcje. | 2026-09-25 STAN: mapa w docs/VERRIS.md (3.3) ma ✅ dla pulpitu, usług, widoku usługi i strony, płatności, pomocy, domen i „Więcej” (2026-09-22); tryb Prosty/Pełny i „/” działają. PRZEGLĄD ZRZUTAMI: panel uruchomiony lokalnie (API + PostgreSQL + Redis, konto testowe z usługą), 53 trasy × 390 px i 1440 px (Playwright) — żadnego przewijania w bok. Znalezione i naprawione: (1) na telefonie tytuł KAŻDEJ strony chował się pod górnym paskiem — klasy pt/h/top-mobile-header były w @layer utilities, a Tailwind 4 generuje warianty (max-lg:) tylko dla @utility; (2) przy chwilowym braku /users/me middleware odpowiadał HTML-em 503 także akcjom serwera, więc klient widział angielskie „An unexpected response was received from the server” — akcje idą dalej, API samo sprawdza uprawnienia (test middleware.spec.ts); (3) liczby z kropką (80.48 K, 0.0662 K/h) w 24 plikach → lib/liczba.ts (pl-PL); (4) ~15 komunikatów API dla klienta mówiło „DirectAdmin” (np. Narzędzia WWW) — przepisane, nowy strażnik w bez-nazwy-directadmina.spec.ts; (5) reguła „password” mapowała każdą wzmiankę o haśle na „Hasło nie spełnia wymagań” (Menedżer plików) — zawężona; (6) brak key na pulpicie. ZOSTAJE: stare zakładki usługi mają paletę wzorca przez .v2-skin, ale nie są przepisane na klocki v2 (kosmetyka, bez wpływu na działanie); sprawdzenie na prawdziwym telefonie (Q-09 D3). | 2026-09-26: stare klasy palety w components/hosting/*.tsx (37 plików) zamienione na tokeny v2 (bg-card, border-line, text-muted-foreground, crit/warn/data…) — mapowanie 1:1 z reguł .v2-skin w globals.css, więc wygląd bez zmian. Weryfikacja: zrzuty 20 zakładek × ciemny/jasny przed i po na tych samych danych — różnice tylko w danych (znaczniki czasu, limit zapytań); jedyna różnica stylu: nagłówki tabeli w Deploy wracają do stylu v2 (th wyciszony, jak w makiecie). Bramka zielona.",Wszystkie trasy panelu klienta na nowych komponentach; tryb zapamiętany per użytkownik; „/” działa na każdym ekranie; zrzuty mobile/desktop sprawdzone.,
PB-17,"Asystent v1: dymki, naprawy jednym kliknięciem, czat z danymi konta",30,WYSOKI,"Dymki kontekstowe na regułach (bez kosztu AI): dysk, domena nie wskazuje na nas, SPF/DKIM, SSL wygasa, backup nieświeży — najwyżej jeden na ekran, „nie pokazuj więcej”. Naprawy jednym kliknięciem tylko dla akcji odwracalnych, z kartą podglądu skutku i „Cofnij”. Obecny czat (HostingAssistant, RAG) dostaje odczyt danych konta. Każda akcja w audycie. Diagnoza i naprawy po naszej stronie za darmo.",Co najmniej 5 reguł dymków z testami; każda naprawa ma cofnięcie i wpis audytu; czat odpowiada z kontekstem usługi; brak akcji destrukcyjnych w v1.,2026-09-23
PB-18,"Tickety v2: podgląd klienta, szablony ze zmiennymi, szkice odpowiedzi",24,WYSOKI,"Panel staff: boczny podgląd klienta w tickecie (usługi, saldo, faktury/dokumenty, zdarzenia, historia zgłoszeń, health score); szablony odpowiedzi ze zmiennymi (imię, domena, usługa, termin) i kategoriami — rozbudowa canned responses; klasyfikacja zgłoszenia i szkic odpowiedzi z bazy wiedzy i danych konta (do akceptacji, bez auto-wysyłki w v2); akcje z ticketu z audytem; licznik SLA.","Podgląd klienta bez przechodzenia między ekranami; szablony podstawiają zmienne z testem; szkic odpowiedzi dla 6 kategorii (DNS, SSL, poczta, płatność, migracja, awaria).",2026-09-23
PB-19,"Widok strony: ruch, TTFB, błędy 5xx, technologia i logi z węzła",24,ŚREDNI,"Braki makiety widoku strony (docs/design/wzorzec-panelu.html), których API nie ma, bo wymagają węzła: (1) odwiedziny, mediana TTFB i błędy 5xx per domena z logów serwera WWW przez agenta; (2) rozpoznanie technologii strony (WordPress, PrestaShop, Laravel, HTML, przekierowanie) skanem plików i narzędzia dopasowane do technologii; (3) zakładka „Logi” — log błędów i dostępu per domena. Dziś panel pokazuje tylko to, co realnie istnieje (docs/VERRIS.md, sekcja „Otwarte”). | 2026-09-25 KOD (D2): zadanie SITE_STATS + ops/scripts/node-site-stats.sh — technologia (WordPress/PrestaShop/Joomla/Drupal/Nextcloud/MediaWiki/Laravel/PHP/HTML/domyślna Verris, z wersją) sprawdzana jako klient; ruch 7 dni (żądania, odwiedzający = unikalne IP, 5xx) z logu DirectAdmina /var/log/httpd/domains/<domena>.log (combined), ścieżki bez parametrów; mediana TTFB z 5 żądań z samego serwera (127.0.0.1 + Host). Panel: widok strony → Przegląd → „Ruch i wydajność — 7 dni” (brak logu = „—”), nowa zakładka „Logi” (log dostępu i błędów tej domeny). Testy parsera i detekcji: site-stats.service.spec.ts. ZOSTAJE: D3 na węźle.","Na działającym węźle produkcyjnym: widok strony pokazuje ruch 7 dni, TTFB i 5xx z prawdziwych logów, wykrytą technologię i zakładkę „Logi”; brak danych = „—”, nie zero; testy parsera logów i detekcji technologii w CI; sprawdzone na D3 (serwer).",
PB-20,Tryb agencji: przełącznik klienta w menu bocznym,16,ŚREDNI,"Element makiety („Piekarnia Zdrój · klient · 3 usługi” nad menu): konto agencji/resellera przełącza się między swoimi klientami bez wylogowania. Wymaga decyzji, jak Reseller (white-label) mapuje klientów na konta i uprawnienia (IAM). | DECYZJA WŁAŚCICIELA 2026-09-25: PO STARCIE. Dziś reseller ma listę swoich klientów i narzut; przełącznik klienta wraca przy pierwszych agencjach, gdy będzie wiadomo, jak z niego korzystają (mniej ryzyka przy dostępie do cudzych kont). Model do wyboru wtedy: przełączenie na konto klienta (jak impersonacja, tylko własni klienci, dziennik obu stron) albo klienci w koncie agencji. | DECYZJA WŁAŚCICIELA 2026-09-25 (2): PRZED STARTEM, razem z udostępnianiem wybranych usług (IAM v2) — klient udostępnia całe konto albo wybrane usługi deweloperowi/resellerowi, deweloper z własnym kontem przełącza się między kontami bez nowego loginu. | 2026-09-26 ZROBIONE W KODZIE: zaproszenie IAM z zakresem (całe konto albo wybrane usługi), adres z kontem Verris przyjmuje zaproszenie ze swojego konta (CustomerMembership), przełącznik kont w menu bocznym (POST /auth/switch-account — token z actingFor, ta sama sesja), pasek „Pracujesz na koncie X” z powrotem, zakres egzekwowany w API (zakres-uslug.ts w CustomerPermissionsGuard + filtr GET /services) i w nawigacji; strategia JWT sprawdza członkostwo przy każdym żądaniu (odebrany dostęp działa od razu). Testy: iam-czlonkostwo.int-spec.ts (4), zakres-uslug.spec.ts. Zostało: przejście na produkcji.","Decyzja o modelu zapisana w docs/VERRIS.md; przełącznik widoczny tylko dla kont z klientami; przełączenie zmienia kontekst usług, domen i płatności; guard uprawnień obejmuje nowe trasy (Z-04); testy w CI.",
PB-21,DNS platformy i poczty na serwerze testowym,6,WYSOKI,"Odłożone decyzją właściciela 2026-09-23 do chwili, gdy jest serwer testowy. (1) Decyzja: wspólny rekord _spf.verris.pl (include platformy, łatwa zmiana IP) albo zostajemy przy a/mx/ip4 per klient — dziś _spf.verris.pl nie istnieje. (2) verris.pl w OVH: dwa rekordy DMARC (p=none i p=quarantine) — odbiorcy ignorują oba; zostawić jeden. (3) Nameservery platformy (hosting.ns1/ns2) ustawione — od nich zależy, czy kreator poczty proponuje zapis do strefy. (4) D3 na żywym DirectAdminie: dodanie i usunięcie rekordu (CMD_API_DNS_CONTROL, edycja create-then-delete), zmiana rozmiaru skrzynki bez passwd, klucz DKIM w strefie po włączeniu DKIM. (5) Naprawy asystenta PB-17 (SPF/DMARC jednym kliknięciem + Cofnij) na żywej strefie. (6) Zawieszenie i odwieszenie usługi z panelu admina (A-25/A-26) na żywym koncie DA. (7) Sprint 12–14 na żywym węźle: kopia bezpieczeństwa przed odtworzeniem (H-09), publikacja stagingu z kopią bazy (I-11), zmiana hasła FTP (C-18), pakowanie plików (C-11), pojemność węzła z agenta lve-agent/1.1 (NODE-03). (8) PB-22: pieczęć zaufania na działającej stronie klienta (D3) — tprstudio.pl wygasła 2026-09-23, więc pełną pieczęć sprawdzamy dopiero na stronie na nowym węźle.","Na serwerze testowym: rekord dodany i usunięty z panelu bez duplikatu; zmiana rozmiaru skrzynki zostawia hasło; kreator poczty pokazuje DKIM ze strefy i zapisuje SPF/DMARC; verris.pl ma jeden DMARC; decyzja o _spf.verris.pl zapisana w docs/VERRIS.md. Po D3 F-01/F-02, E-05, E-15/16/17 przechodzą w macierzy na PARYTET.",
PB-22,Badge na stronę v2 — interaktywne i użyteczne dla klienta,20,ŚREDNI,"Zgłoszenie właściciela 2026-09-23: stare badge wyglądały źle i nic nie robiły (uptime pokazywał stan węzła, embed EKO blokowany przez X-Frame-Options/CORP). Nowy zestaw wg makiet: pieczęć zaufania (SSL, dostępność 30 dni, dane w UE, weryfikacja), dostępność na żywo z monitora strony, polecenie z prowizją (program partnerski), EKO SVG. Zakładka „Badge na stronę” w usłudze.",Badge widoczne na prod na domenie klienta; pieczęć znika przy niespełnionych warunkach; kliknięcia polecenia liczone; testy D2 zielone.,2026-09-23
PB-23,"Każdy widok osiągalny z menu (klient, admin, staff)",10,ŚREDNI,"Zasada właściciela 2026-09-23: żaden ekran nie może wymagać szukania po panelu. Przegląd wszystkich tras (page.tsx) w trzech panelach i ich wejść w menu/zakładkach; widoki bez wejścia dostają miejsce w menu albo zakładkę w logicznym rodzicu; strażnik w CI: każda trasa z page.tsx ma odnośnik w konfiguracji nawigacji albo jest na jawnej liście wyjątków (szczegóły rekordu, kroki kreatora) z uzasadnieniem. | WYNIK 2026-09-23: przegląd 60 tras klienta, 57 admina, 12 staff — brak widoków bez wejścia. Stare adresy klienta (/dashboard/apps, /backups, /cron, /databases, /dns, /email, /file-manager, /ftp, /php, /ssl, /domains/registrar) to przekierowania na zakładki usługi; strony auth z maili na liście wyjątków. Strażnik: apps/api/src/test/widoki-w-nawigacji.spec.ts (sprawdzony: sztuczna ukryta strona w admin i kliencie → czerwony).",Lista tras vs menu dla trzech paneli bez luk; test-strażnik czerwony po dodaniu trasy bez wejścia w nawigacji.,2026-09-23
PB-24,KSC/NIS2: wpis do wykazu podmiotów kluczowych,3,WYSOKI,"Wg FAQ KSC (cyber.gov.pl) podmiot świadczący usługi rejestracji nazw domen i dostawca usług DNS = podmiot kluczowy niezależnie od wielkości. Decyzja właściciela 2026-09-23: wpis w ciągu 6 miesięcy od uruchomienia sprzedaży domen / DNS dla klientów (sprint 18/19), nie przed 3.10.2026 — ryzyko przyjęte świadomie. Materiał: docs/legal/nis2-ksc-assessment.md (10 obszarów art. 21). Do zrobienia: data uruchomienia usług → termin wpisu; osoba kontaktowa ds. cyberbezpieczeństwa; kontakt 24/7 do incydentów; procedura zgłaszania incydentów do CSIRT (24 h / 72 h). | 2026-09-25: procedura zgłaszania incydentu poważnego w docs/ops/INCIDENT_RESPONSE.md (24 h wczesne ostrzeżenie / 72 h zgłoszenie / sprawozdanie końcowe w miesiąc — NIS2 art. 23; S46; rejestr docs/ops/incydenty/; test kwartalny; klienci i RODO równolegle). nis2-ksc-assessment.md poprawione wg komunikatu MC: wejście w życie 10.04.2026 (było 3.04), wykaz-ksc.gov.pl, S46 od 12.06.2026, koniec okresu dostosowawczego 3.04.2027, audyt do 3.04.2028; DNS/rejestracja domen = kluczowy niezależnie od wielkości (art. 5 ust. 1 pkt 4), termin wpisu 6 mies. od spełnienia przesłanek (art. 7c ust. 1). Zostaje (właściciel): potwierdzić osobę do kontaktów i telefon 24/7 we wniosku, skrzynka security@, konto S46 po wpisie. | 2026-09-26: projekt wniosku do Wykazu KSC — pola wg FAQ KSC pyt. 2.10 (wypełnione / do uzupełnienia przez właściciela: e-Doręczenia, IP po zakupie węzła, telefon 24/7, PESEL administratora S46 tylko w formularzu), termin od przesłanki, osobny wątek art. 16b (reseller domen) — docs/legal/drafts/DO_ZATWIERDZENIA_PB-24_wniosek-ksc.md (DO ZATWIERDZENIA, nic nie opublikowane/złożone).",Wpis w wykazie przed upływem 6 miesięcy od pierwszej domeny/DNS dla klienta; termin zapisany w tym zadaniu z datą.,
PB-25,White label na węźle — klient nie widzi DirectAdmina,8,WYSOKI,"Decyzja właściciela 2026-09-24: pełny white label. Teksty dla klienta (verris.pl, panel, maile, dokumenty prawne) wyczyszczone tego dnia i pilnowane strażnikiem bez-nazwy-directadmina.spec.ts. Na węźle zostaje: panel hostingowy pod własną nazwą na 443 zamiast host:2222 (proxy), branding Evolution wg ops/docs/DA_EVOLUTION_BRANDING.md, phpMyAdmin i webmail pod własną nazwą, własne strony domyślne (nowa domena, konto zawieszone, wspólny IP), przegląd maili systemowych DA wysyłanych do użytkowników. Nie twierdzimy, że silnik hostingu jest nasz.","Na węźle #1: logowanie do panelu hostingowego, phpMyAdmin i webmaila z panelu klienta nie pokazuje nazwy ani portu DirectAdmina; nowa domena i konto zawieszone pokazują strony Verris; zrzuty w dowodzie.",
PB-26,Otwarte testy (beta) z zaproszonymi użytkownikami,12,WYSOKI,"Prośba właściciela 2026-09-24: przed startem otwarte testy z osobami zaproszonymi przez właściciela, w ramach darmowego kredytu / okresu. Plan: docs/ops/BETA_TESTY.md — 10–20 osób (WordPress do przeniesienia, sklepy, osoby nietechniczne, agencje), kod FIXED_CREDIT 150 K na osobę (1 użycie, 14 dni), scenariusze od rejestracji po odtworzenie kopii i telefon, kanał: zgłoszenia z kategorią Beta. Po naszej stronie: generator kodów, kategoria zgłoszeń, mail zaproszenia, ankieta, widok testerów w panelu admina. | PRZYGOTOWANIE 2026-09-24 (D2): panel admina „Testy (beta)” — zaproszenie tworzy imienny kod BETA-XXXXXX (150 K, 1 użycie, 14 dni) i wysyła mail z instrukcją; lista testerów (stan kodu, konto, aktywne usługi, zgłoszenia Beta); temat „Testy (beta)” w panelu klienta tylko dla testera, znacznik Beta w panelu obsługi. Zostaje: ankieta końcowa (mailem), sama beta po węźle #1.","Minimum 7 dni od pierwszej aktywnej usługi; zero otwartych błędów krytycznych (dane, pieniądze, dostęp); ≥ 80% testerów z działającą stroną bez pomocy wsparcia; poprawki „przed GO” zamknięte. Dopiero potem PB-12.",
PB-27,Indywidualne warunki usługi: cena i autoskalowanie,12,WYSOKI,"Decyzja właściciela 2026-09-26: operator (admin albo pracownik z uprawnieniem „Indywidualne warunki”) zakłada usługę na istniejącym lub nowym koncie i ustawia jej własną cenę (kwota albo rabat o X zł) oraz rabat na autoskalowanie o X%; warunki trzymają się usługi także przy odnowieniach. Stan 2026-09-26: operator nie może założyć usługi, ceny nie da się zmienić, odnowienie zawsze wraca do ceny katalogowej (promo.service.ts:266), stawki autoskalowania są globalne (AutoscalingPriceRule); błąd: kody rabatowe nie zapisują „appliesToRenewals” (promo.service.ts:157). | 2026-09-26 ZROBIONE W KODZIE: individualPrice + autoscalingDiscountPct na usłudze (odnowienia, bloki autoskalowania, limit wydatków, mail), POST /admin/custom-terms/user/:id/service (także plan ukryty), PATCH …/subscription/:id, uprawnienie CUSTOM_TERMS_MANAGE, sekcja w panelu admina i obsługi, audyt z powodem; poprawiony zapis appliesToRenewals kodów. Testy na PostgreSQL. Zostało: przejście na produkcji.",Operator zakłada usługę z własną ceną; odnowienie pobiera tę cenę; autoskalowanie liczone z rabatem; każda zmiana w dzienniku audytu z autorem i powodem; test na PostgreSQL.,
PB-28,Rozliczenie poza Verris (całe konto),10,WYSOKI,"Decyzja właściciela 2026-09-26: klient oznaczony „rozliczany przez właściciela” — system nie pobiera opłat, nie blokuje za brak płatności, sam przedłuża okresy, nie wysyła maili o saldzie/odnowieniu, nie wystawia faktur; klient nie widzi portfela ani płatności; autoskalowanie działa bez pobierania, zużycie w raporcie do faktury właściciela. Stan 2026-09-26: tryb MANUAL istnieje tylko w bazie, nie da się go ustawić, okres się nie przedłuża, maile i autoskalowanie dalej działają jak u płacącego. | 2026-09-26 ZROBIONE W KODZIE: User.billingOutside + usługi MANUAL (przełącznik w transakcji, odmowa przy karcie cyklicznej); odnowienia przedłużają bez obciążenia, bez przypomnień/maili o saldzie/proformy/karencji; autoskalowanie bez pobierania z zestawieniem miesięcznym; panel klienta bez portfela, płatności i zamawiania. Testy na PostgreSQL. Zostało: przejście na produkcji.","Flaga na koncie ustawiana z panelu admina/obsługi; testy: brak obciążeń, przedłużanie okresu, brak maili, brak blokady, raport zużycia autoskalowania.",
PB-29,Węzeł: blokery bezpieczeństwa i stabilności,12,KRYTYCZNY,"Decyzja właściciela 2026-09-26. Węzeł przyjmuje klientów dopiero po pozytywnym onboardzie i weryfikacji (dziś ACTIVE już po zatwierdzeniu w kroku 3 — servers.service.ts:308); wykrywanie CloudLinux przez cldetect zamiast „lve” w nazwie jądra (dokumentacja CloudLinux: od CL9 jądro AlmaLinux); MariaDB 11.8 LTS zamiast 10.6 (EOL 6.07.2026 wg MariaDB.org); klucze licencji poza linkiem instalacyjnym i usuwane z dysku po instalacji; security-watch na każdym węźle; faza DA w API. | 2026-09-26 ZROBIONE W KODZIE: selektor tylko po zielonym raporcie onboardu (POST /agent/tasks/onboard-report) i bez hardened=false; MariaDB 11.4 (mariadb1104 — Governor nie dokumentuje 11.8; poprawione złe słowo kluczowe 11.x); cldetect + /proc/lve; klucze licencji przez POST /secrets (audyt, pamięć), token w nagłówku, sprzątanie po DONE; pakiet onboardu w układzie repo (security-watch na każdym węźle); faza DA. Zostało: przejście na węźle testowym (D3).",Nowy węzeł nie dostaje kont przed zieloną weryfikacją; skrypty przechodzą test na węźle testowym (D3).,
PB-30,Jeden plik wersji dla floty + test zgodności,12,WYSOKI,"Decyzja właściciela 2026-09-26: manifest z przypiętymi wersjami (kanał i commit DirectAdmin, LiteSpeed, PHP, MariaDB, reguły CRS), szablon options.conf, sumy kontrolne pobieranych skryptów; węzeł raportuje wersje (pola daVersion/clVersion/lsVersion istnieją, nikt ich nie zapisuje), panel pokazuje różnice między węzłami. | 2026-09-26 ZROBIONE W KODZIE: manifest stos-wezla.ts → /etc/verris-stack.env (bootstrap przed DA + agent co minutę), DA_CHANNEL/DA_COMMIT/php1_release/mariadb przed setup.sh, raport wersji z agenta, audyt „Zgodność z manifestem floty”. Sumy kontrolne: instalatory producentów (setup.sh, cldeploy) nie mają publikowanych sum — zapis zamiast blokady do decyzji po D3. Zostało: DA_COMMIT z testu D3.",Dwa węzły z tego samego manifestu dają identyczny raport wersji; różnica widoczna w panelu.,
PB-31,Pełna automatyzacja kreatora węzła,20,WYSOKI,"Decyzja właściciela 2026-09-26: po jednej linijce reszta sama — onboard, profil, kopie off-site bez ręcznego rclone config, klucz logowania DA, IP w DA, TLS, test końcowy; właściciel wpisuje tylko klucze licencji i zatwierdza raport. Dziś ok. 12 ręcznych kroków (scp, SSH, eksport kluczy, rclone config, IP w DA…). | 2026-09-26 ZROBIONE W KODZIE: zadanie ONBOARD_LIVE (pakiet repo → /opt/verris, przycisk w kreatorze, stan i raport), klucz DA do onboardu z „da api-url”, kopie off-site floty raz w panelu (szyfrowane, node-backup-config.sh, rclone bez interakcji), auto-zlecenie onboardu po zatwierdzeniu/zapisie kopii, rekord A hosta w OVH, egress SSH/SFTP tylko dla roota + trwałe reguły nftables na AlmaLinux. Zostało ręcznie: OS, klucze licencji, stały klucz DA z ograniczeniem IP, zatwierdzenie. Test na D3.",Węzeł testowy od czystego AlmaLinux do zielonego raportu bez SSH ręcznie.,
PB-32,Aktualizacje węzłów falami,8,ŚREDNI,"Decyzja właściciela 2026-09-26: najpierw węzeł kanarkowy, potem reszta po jednym; prawdziwy status (dziś skrypt zawsze zwraca ok); aktualizacje z panelu zamiast samodzielnego dnf-automatic. | 2026-09-26 ZROBIONE W KODZIE: fala — kanarek (najmniej kont), potem po jednym po sukcesie, błąd zatrzymuje, druga fala odmowa; skrypt aktualizacji zwraca błąd zamiast zawsze ok; dnf-automatic tylko pobiera. Test na PostgreSQL (fala-aktualizacji.int-spec.ts). Zostało: fala na dwóch węzłach.",Fala zatrzymuje się na pierwszym błędzie; status w panelu zgodny z logiem.,
PB-33,Wersje stosu floty w panelu + wyrównanie falą,12,WYSOKI,"Decyzja właściciela 2026-09-26: strona „Wersje stosu floty” w panelu admina (DB, PHP, LiteSpeed, DirectAdmin) z dozwolonymi wartościami z oficjalnych list; zmiana obowiązuje nowe węzły od razu, „Wyrównaj flotę” aktualizuje istniejące falą (PHP/LiteSpeed przez CustomBuild, MariaDB po jednej wersji z kopią bazy — wymóg CloudLinux Governor). | 2026-09-26 ZROBIONE W KODZIE: manifest w bazie (StosWezlaService), strona Admin → Wersje stosu floty (dozwolone wartości z oficjalnych list, tabela zgodności), „Wyrównaj flotę” = fala z php1_release + łańcuch DB_UPGRADE krok po kroku z kopią; bootstrap i agent biorą manifest z bazy. Testy na PostgreSQL. Zostało: wyrównanie na węzłach (D3).","Zmiana wersji w panelu → nowy węzeł instaluje ją, istniejące wyrównane falą; audyt zgodności zielony.",
PB-34,Panele admina i obsługi na poziomie panelu klienta,40,WYSOKI,"Decyzja właściciela 2026-09-26: najpierw makieta 3–4 kluczowych ekranów (pulpit, węzły/węzeł, karta klienta, zgłoszenie) do akceptacji, potem przeniesienie wszystkich ekranów 1:1 na tokeny i komponenty v2 (jasny i ciemny motyw). DEV_HANDOFF.md przewidywał „ten sam zestaw tokenów, później”. | 2026-09-26: makieta zaakceptowana (właściciel: „wyglądają super”, dodać podpowiedzi na zgłoszeniu — zrobione jako PB-37). PANEL OBSŁUGI PRZENIESIONY: menu i pasek 1:1 z makietą (ciemne menu, jasna treść, przełącznik motywu, menu na telefonie), skrzynka od nowa (Moje, Czeka na klienta, terminy), zgłoszenie 1:1 z makietą; pozostałe ekrany obsługi na tokenach v2 przez warstwę .v2-skin (jak PB-16). ZOSTAJE: panel admina (pulpit, węzeł, karta klienta 1:1 z makietą + reszta ekranów).","Makieta zaakceptowana; wszystkie ekrany admina i obsługi na v2, bramka a11y zielona.",
PB-35,Automatyczna fala aktualizacji węzłów co tydzień,3,WYSOKI,"Decyzja właściciela 2026-09-26: fala rusza sama we wtorki o 4:00 (kanarek → reszta po jednym, błąd zatrzymuje, powiadomienie). Węzły same już niczego nie instalują (dnf-automatic tylko pobiera). | 2026-09-26 ZROBIONE W KODZIE: FalaTygodniowaScheduler (wtorek 4:00 Europe/Warsaw), zatrzymanie fali → powiadomienie adminów. Test na PostgreSQL.",Fala startuje sama w oknie; zatrzymanie widoczne w powiadomieniach admina.,
PB-36,Podpisane skrypty węzła i klucz SSH ograniczony do control-plane,10,KRYTYCZNY,"Decyzja właściciela 2026-09-26: przed startem. Węzeł uruchamia tylko skrypty podpisane kluczem Verris (przejęte API nie daje roota na flocie); klucz SSH z from= na IP control-plane, stare klucze usuwane (dziś agent co minutę tylko dopisuje klucz). | 2026-09-26 ZROBIONE W KODZIE: podpis Ed25519 każdej odpowiedzi GET /agent/tasks/* (skrypty zadań, pakiety onboardu i strony domyślnej, manifest stosu, konfiguracja kopii, zlecenia, klucz deploy) — podpis obejmuje ścieżkę, id węzła, czas i SHA-256 treści (bez podmiany, przeniesienia na inną ścieżkę/węzeł, powtórki po 5 min). Węzeł pobiera wyłącznie przez /usr/local/bin/verris-fetch (openssl pkeyutl -verify), klucz publiczny przywozi bootstrap / instalacja agenta. Klucz deploy: jeden wpis from=""VERRIS_CONTROL_PLANE_IPS"" bez przekierowań, poprzedni usuwany (rotacja). API w produkcji nie wystartuje bez VERRIS_SCRIPT_SIGNING_KEY albo z kluczem deploy bez adresów control-plane. Test: prawdziwy verris-fetch vs serwer podpisujący (zmieniona treść / inna ścieżka / inny węzeł / stary podpis / brak podpisu → odrzucone) + smoke na lokalnym API. Do sprawdzenia na D3: openssl na CloudLinux 9, rotacja klucza deploy.",Niepodpisany/zmieniony skrypt odrzucony przez węzeł; authorized_keys zawiera tylko aktualny klucz z ograniczeniem IP.,
PB-37,"Opieka nad zgłoszeniem: podpowiedzi dla obsługi, automatyczne wiadomości, oceny opiekuna",16,WYSOKI,"Decyzja właściciela 2026-09-26 (formularz): cztery automatyczne wiadomości (potwierdzenie z opiekunem i terminem, „opiekun się tym zajmuje”, „wciąż nad tym pracujemy” po połowie czasu odpowiedzi najwyżej raz na dobę, podziękowanie z oceną), ocena opiekuna + obsługi ogólnie + „czy rozwiązane”, szkic asystenta gotowy sam przy otwarciu. | 2026-09-26 ZROBIONE W KODZIE: OpiekaZgloszenService (treści w platform_settings, edycja: Admin → Opieka nad zgłoszeniami), wiadomości jako wpis w wątku + e-mail, NIE liczą się jako odpowiedź (SLA, stan, metryki czasu odpowiedzi bez zmian); „przeczytane” (otwarcie przez opiekuna), ponowne otwarcie do 7 dni, szkic asystenta w tle po każdej wiadomości klienta; obsługa: blok Podpowiedzi (szkic / szablony wg sytuacji / baza wiedzy, /skrót w polu odpowiedzi), „Co widzi klient”, „Twoje oceny”, „Wyślij” vs „Wyślij i czekaj na klienta”; klient: postęp (przyjęte → opiekun → przeczytane → odpowiedź → rozwiązane), opiekun z imienia, ocena i ponowne otwarcie; szablony z kategorią i skrótem (seed + formularz admina). Testy na PostgreSQL (5). Panel klienta nie widzi już notatek wewnętrznych obsługi (ryzyko, eskalacja, szkic, id pracowników).","Klient dostaje potwierdzenie z opiekunem i terminem, widzi „przeczytane” i postęp; po zamknięciu ocenia opiekuna i obsługę; obsługa ma szkic i szablony w jednym bloku.",2026-09-26
PB-38,Najnowsze stabilne wersje narzędzi i bibliotek przed startem,30,WYSOKI,"Decyzja właściciela 2026-09-26 (formularz): Node 24 teraz, 26 po wejściu w LTS; TypeScript 6.0 teraz, 7.x gdy typescript-eslint go obsłuży; MinIO zostaje do węzła testowego (potem Hetzner Object Storage); Dependabot + raport w tablicy. Fala 1: Node 24, TS 6, pnpm 12, Debian 13, łatki (Next 16.3.6, Payload 3.90). Fala 2: NestJS 12, ESLint 10, SimpleWebAuthn 14, GraphQL 17. Fala 3: Postgres 18 (procedura z kopią), Redis 8, monitoring. Fala 4: Dependabot, strażnik EOL w CI, kafelek wersji.","Bramka (lint, typecheck, testy) i testy integracyjne zielone na nowych wersjach; obrazy budują się w CI; wdrożenie produkcyjne bez błędów; Dependabot i strażnik EOL działają.",
